"Teff_mean", "Teff_stdev", "Teff_median", "Teff_errlo", "Teff_errup", "logg_mean", "logg_stdev", "logg_median", "logg_errlo", "logg_errup", "R_mean", "R_stdev", "R_median", "R_errlo", "R_errup", "Av_mean", "Av_stdev", "Av_median", "Av_errlo", "Av_errup"
3.270240204936088958e+03,4.656246663423079468e+00,5.273011554017544844e-01,1.808635204726662726e+00,4.440174904788158017e+01,1.788078208862469709e-01,1.121456694160333396e-02,8.339219141842338368e-02,3.269119317668127223e+03,4.635399829499635693e+00,5.270275331164142596e-01,1.811117471844687188e+00,3.224745813340939549e+03,4.482336644637442191e+00,5.160538715406861598e-01,1.727580453086019707e+00,3.315696473993914879e+03,4.837314214454132788e+00,5.389871064660962663e-01,1.889665722853419494e+00
