"Teff_mean", "Teff_stdev", "Teff_median", "Teff_errlo", "Teff_errup", "logg_mean", "logg_stdev", "logg_median", "logg_errlo", "logg_errup", "R_mean", "R_stdev", "R_median", "R_errlo", "R_errup", "Av_mean", "Av_stdev", "Av_median", "Av_errlo", "Av_errup"
3.270133719902652047e+03,4.656147959949081816e+00,5.273194444038045159e-01,1.808640103746585570e+00,4.438149490724456570e+01,1.786985676883337260e-01,1.121936500616324377e-02,8.325721336923443128e-02,3.269091018828598862e+03,4.635375576729726887e+00,5.269743898073721011e-01,1.810876773131410822e+00,3.224588286883464662e+03,4.482340838028221697e+00,5.160580195684282279e-01,1.727781676816557699e+00,3.315643226248271276e+03,4.837287033169102912e+00,5.389875493934929152e-01,1.889430255296841832e+00
