"Teff_mean", "Teff_stdev", "Teff_median", "Teff_errlo", "Teff_errup", "logg_mean", "logg_stdev", "logg_median", "logg_errlo", "logg_errup", "R_mean", "R_stdev", "R_median", "R_errlo", "R_errup", "Av_mean", "Av_stdev", "Av_median", "Av_errlo", "Av_errup"
3.270275714478040754e+03,4.656187040724780957e+00,5.272978150596512315e-01,1.808645172550517266e+00,4.436942045361745812e+01,1.784777781354743575e-01,1.120737638905809977e-02,8.347891933758171124e-02,3.269141141409845204e+03,4.635831971994686995e+00,5.270294868201110816e-01,1.811117471844687188e+00,3.224745813340939549e+03,4.482340838028221697e+00,5.160288287970464793e-01,1.727580453086019707e+00,3.315774286639209095e+03,4.837237995563516968e+00,5.389871064660962663e-01,1.889753317064376548e+00
