"Teff_mean", "Teff_stdev", "Teff_median", "Teff_errlo", "Teff_errup", "logg_mean", "logg_stdev", "logg_median", "logg_errlo", "logg_errup", "R_mean", "R_stdev", "R_median", "R_errlo", "R_errup", "Av_mean", "Av_stdev", "Av_median", "Av_errlo", "Av_errup"
3.270381672267800695e+03,4.655264277751562929e+00,5.272508783988020253e-01,1.808293152517305380e+00,4.445868101927467819e+01,1.776680815796970181e-01,1.124461948630560079e-02,8.339294826267237837e-02,3.269288437255561803e+03,4.633893263445991728e+00,5.268783335390569977e-01,1.810732932670505502e+00,3.224819908717999169e+03,4.482336644637442191e+00,5.160134524769939279e-01,1.727385533358277492e+00,3.315868355851392153e+03,4.837006462079267877e+00,5.389539508269973744e-01,1.889317775949305167e+00
