{
    "niter": 20543,
    "logz": -94.35518614826815,
    "logzerr": 0.2827126625053291,
    "logz_bs": -94.3383830460513,
    "logz_single": -94.35518614826815,
    "logzerr_tail": 0.009944413637413163,
    "logzerr_bs": 0.28253771107280556,
    "ess": 5363.62065000769,
    "H": 12.966705077566445,
    "Herr": 0.07958106339196344,
    "posterior": {
        "mean": [
            3270.105392241721,
            4.656065966631819,
            0.5273321434275798,
            1.808522760158836
        ],
        "stdev": [
            44.45341987073436,
            0.1784829217450438,
            0.011241309397654154,
            0.08349136847976373
        ],
        "median": [
            3269.119317668127,
            4.6357575411058525,
            0.5270332076984305,
            1.8108019641907944
        ],
        "errlo": [
            3224.672837346419,
            4.48251055115254,
            0.516054615567012,
            1.7275740962553812
        ],
        "errup": [
            3315.6687051152057,
            4.837237995563517,
            0.5390176295606169,
            1.8896438065762045
        ],
        "information_gain_bits": [
            2.6518438025223734,
            0.40353516095519903,
            4.145493639913243,
            2.9730281783474286
        ]
    },
    "maximum_likelihood": {
        "logl": -79.31399145191301,
        "point": [
            3271.520397019931,
            4.531036210720388,
            0.524905788661836,
            1.7878541516524442
        ],
        "point_untransformed": [
            0.6357601985099655,
            0.6770120702401294,
            0.08671546707384409,
            0.35757083033048886
        ]
    },
    "ncall": 49465,
    "paramnames": [
        "Teff",
        "logg",
        "R",
        "Av"
    ],
    "logzerr_single": 0.11387144100944031,
    "insertion_order_MWW_test": {
        "independent_iterations": Infinity,
        "converged": true
    }
}