{
    "niter": 20543,
    "logz": -94.35518614826815,
    "logzerr": 0.12513342359445895,
    "logz_bs": -94.36145952275632,
    "logz_single": -94.35518614826815,
    "logzerr_tail": 0.009944413637413163,
    "logzerr_bs": 0.12473765404992321,
    "ess": 5363.62065000769,
    "H": 12.966705077566445,
    "Herr": 0.07130007963929987,
    "posterior": {
        "mean": [
            3270.3816722678007,
            4.655264277751563,
            0.527250878398802,
            1.8082931525173054
        ],
        "stdev": [
            44.45868101927468,
            0.17766808157969702,
            0.0112446194863056,
            0.08339294826267238
        ],
        "median": [
            3269.288437255562,
            4.633893263445992,
            0.526878333539057,
            1.8107329326705055
        ],
        "errlo": [
            3224.819908717999,
            4.482336644637442,
            0.5160134524769939,
            1.7273855333582775
        ],
        "errup": [
            3315.868355851392,
            4.837006462079268,
            0.5389539508269974,
            1.8893177759493052
        ],
        "information_gain_bits": [
            2.6518438025223734,
            0.40353516095519903,
            4.145493639913243,
            2.9730281783474286
        ]
    },
    "maximum_likelihood": {
        "logl": -79.31399145191301,
        "point": [
            3271.520397019931,
            4.531036210720388,
            0.524905788661836,
            1.7878541516524442
        ],
        "point_untransformed": [
            0.6357601985099655,
            0.6770120702401294,
            0.08671546707384409,
            0.35757083033048886
        ]
    },
    "ncall": 49465,
    "paramnames": [
        "Teff",
        "logg",
        "R",
        "Av"
    ],
    "logzerr_single": 0.11387144100944031,
    "insertion_order_MWW_test": {
        "independent_iterations": Infinity,
        "converged": true
    }
}