{
    "niter": 20543,
    "logz": -94.35518614826815,
    "logzerr": 0.1396466021250507,
    "logz_bs": -94.36667995555209,
    "logz_single": -94.35518614826815,
    "logzerr_tail": 0.009944413637413163,
    "logzerr_bs": 0.13929207487319673,
    "ess": 5363.62065000769,
    "H": 12.966705077566445,
    "Herr": 0.07329648908665562,
    "posterior": {
        "mean": [
            3270.2757144780408,
            4.656187040724781,
            0.5272978150596512,
            1.8086451725505173
        ],
        "stdev": [
            44.36942045361746,
            0.17847777813547436,
            0.0112073763890581,
            0.08347891933758171
        ],
        "median": [
            3269.141141409845,
            4.635831971994687,
            0.5270294868201111,
            1.8111174718446872
        ],
        "errlo": [
            3224.7458133409395,
            4.482340838028222,
            0.5160288287970465,
            1.7275804530860197
        ],
        "errup": [
            3315.774286639209,
            4.837237995563517,
            0.5389871064660963,
            1.8897533170643765
        ],
        "information_gain_bits": [
            2.6518438025223734,
            0.40353516095519903,
            4.145493639913243,
            2.9730281783474286
        ]
    },
    "maximum_likelihood": {
        "logl": -79.31399145191301,
        "point": [
            3271.520397019931,
            4.531036210720388,
            0.524905788661836,
            1.7878541516524442
        ],
        "point_untransformed": [
            0.6357601985099655,
            0.6770120702401294,
            0.08671546707384409,
            0.35757083033048886
        ]
    },
    "ncall": 49465,
    "paramnames": [
        "Teff",
        "logg",
        "R",
        "Av"
    ],
    "logzerr_single": 0.11387144100944031,
    "insertion_order_MWW_test": {
        "independent_iterations": Infinity,
        "converged": true
    }
}