{
    "niter": 20543,
    "logz": -94.35518614826815,
    "logzerr": 0.2744398968624652,
    "logz_bs": -94.35496635104917,
    "logz_single": -94.35518614826815,
    "logzerr_tail": 0.009944413637413163,
    "logzerr_bs": 0.27425966824760906,
    "ess": 5363.62065000769,
    "H": 12.966705077566445,
    "Herr": 0.10708638280194949,
    "posterior": {
        "mean": [
            3270.240204936089,
            4.6562466634230795,
            0.5273011554017545,
            1.8086352047266627
        ],
        "stdev": [
            44.40174904788158,
            0.17880782088624697,
            0.011214566941603334,
            0.08339219141842338
        ],
        "median": [
            3269.119317668127,
            4.635399829499636,
            0.5270275331164143,
            1.8111174718446872
        ],
        "errlo": [
            3224.7458133409395,
            4.482336644637442,
            0.5160538715406862,
            1.7275804530860197
        ],
        "errup": [
            3315.696473993915,
            4.837314214454133,
            0.5389871064660963,
            1.8896657228534195
        ],
        "information_gain_bits": [
            2.6518438025223734,
            0.40353516095519903,
            4.145493639913243,
            2.9730281783474286
        ]
    },
    "maximum_likelihood": {
        "logl": -79.31399145191301,
        "point": [
            3271.520397019931,
            4.531036210720388,
            0.524905788661836,
            1.7878541516524442
        ],
        "point_untransformed": [
            0.6357601985099655,
            0.6770120702401294,
            0.08671546707384409,
            0.35757083033048886
        ]
    },
    "ncall": 49465,
    "paramnames": [
        "Teff",
        "logg",
        "R",
        "Av"
    ],
    "logzerr_single": 0.11387144100944031,
    "insertion_order_MWW_test": {
        "independent_iterations": Infinity,
        "converged": true
    }
}