{
    "niter": 20543,
    "logz": -94.35518614826815,
    "logzerr": 0.18768973602286437,
    "logz_bs": -94.3288679751343,
    "logz_single": -94.35518614826815,
    "logzerr_tail": 0.009944413637413163,
    "logzerr_bs": 0.1874261071615706,
    "ess": 5363.62065000769,
    "H": 12.966705077566445,
    "Herr": 0.07741797363686437,
    "posterior": {
        "mean": [
            3270.133719902652,
            4.656147959949082,
            0.5273194444038045,
            1.8086401037465856
        ],
        "stdev": [
            44.381494907244566,
            0.17869856768833373,
            0.011219365006163244,
            0.08325721336923443
        ],
        "median": [
            3269.091018828599,
            4.635375576729727,
            0.5269743898073721,
            1.8108767731314108
        ],
        "errlo": [
            3224.5882868834647,
            4.482340838028222,
            0.5160580195684282,
            1.7277816768165577
        ],
        "errup": [
            3315.6432262482713,
            4.837287033169103,
            0.5389875493934929,
            1.8894302552968418
        ],
        "information_gain_bits": [
            2.6518438025223734,
            0.40353516095519903,
            4.145493639913243,
            2.9730281783474286
        ]
    },
    "maximum_likelihood": {
        "logl": -79.31399145191301,
        "point": [
            3271.520397019931,
            4.531036210720388,
            0.524905788661836,
            1.7878541516524442
        ],
        "point_untransformed": [
            0.6357601985099655,
            0.6770120702401294,
            0.08671546707384409,
            0.35757083033048886
        ]
    },
    "ncall": 49465,
    "paramnames": [
        "Teff",
        "logg",
        "R",
        "Av"
    ],
    "logzerr_single": 0.11387144100944031,
    "insertion_order_MWW_test": {
        "independent_iterations": Infinity,
        "converged": true
    }
}